menu_id;meal_id;price
0;0;2189
1;1;1124
2;2;3643
3;3;1685
4;4;984
5;5;1457
6;6;188
7;7;897
8;8;4350
9;9;3961
10;10;1917
11;11;4782
12;12;2346
13;13;2245
14;14;3499
15;15;2280
16;16;779
17;17;4299
18;18;3983
19;19;2458
