order_id;meal_id;price
0;0;2189
0;10;1917
1;1;1124
1;11;4782
2;2;3643
3;3;1685
4;4;984
5;5;1457
5;15;2280
6;6;188
6;16;779
7;7;897
8;8;4350
8;18;3983
9;9;3961
9;19;2458
10;0;2189
11;1;1124
11;11;4782
12;2;3643
13;3;1685
14;4;984
14;14;3499
15;5;1457
15;15;2280
16;6;188
16;16;779
17;7;897
17;17;4299
18;8;4350
19;9;3961
20;0;2189
21;1;1124
22;2;3643
22;12;2346
23;3;1685
24;4;984
24;14;3499
25;5;1457
25;15;2280
26;6;188
26;16;779
27;7;897
27;17;4299
28;8;4350
29;9;3961
